{
  "best_config": {
    "plowed_field_value": [
      -1.39234904361289,
      0.023305811790266473,
      -0.0451863453740487,
      2.2699973801991873,
      3.1226340886819615,
      4.311375667251903,
      3.449072107555939
    ],
    "field_blend_alpha_by_stage": [
      0.09381337555901967,
      0.7088777519331154,
      0.8672666029609167,
      0.9793662247729779,
      0.38814339541125426,
      0.3998278905967514
    ],
    "grain_value": [
      -0.5801846140883928,
      0.08300435825917808,
      1.8857604807093427,
      1.6636007578411602,
      1.9259093549369277,
      1.6628420363126606,
      3.9872279323246005,
      3.015001651915381,
      4.7864474102931664,
      5.094491489111891
    ],
    "grain_blend_alpha_by_stage": [
      0.4364782942275385,
      0.01562624625958852,
      0.45694736158629484,
      0.14834842231097206,
      0.7320242672181309,
      0.06219886818044873
    ],
    "veg_value": [
      -1.0693269122355968,
      0.5554278958001204,
      3.2252858429658344,
      3.613919938269811,
      4.664153360629601
    ],
    "veg_blend_alpha_by_stage": [
      0.9912522213522602,
      0.39209249163507476,
      0.5944886771958255,
      0.3269575918556002,
      0.003918270696709012,
      0.9762061844426511
    ],
    "pasture_value_all": [
      -0.6412929150502877,
      0.36253843296211435,
      2.587738916701402,
      3.6020014325770666,
      3.1724331148949356
    ],
    "pasture_value_large": [
      0.20560388937278884,
      -0.9767103917234198,
      -0.46382010519037675,
      0.40534897105193896,
      0.17061673904954522
    ],
    "pasture_blend_alpha_by_stage": [
      0.32194722457845537,
      0.8803055552187601,
      0.6451830873661969,
      0.6767578519721558,
      0.3910084780555718,
      0.2679901502421196
    ],
    "sheep_value": [
      -0.3802011879087908,
      1.2788524216367203,
      0.7251948150052628,
      1.225908394683152,
      2.5945690545151456,
      2.404755379714264,
      2.813069396843038,
      2.4232562721725888,
      4.136119216380722
    ],
    "sheep_blend_alpha_by_stage": [
      0.6388590923365036,
      0.17454340132527912,
      0.9617899759149315,
      0.17377129084123938,
      0.40105065382553245,
      0.9321375835957378
    ],
    "boar_value": [
      0.027143335136667,
      0.2908909473929472,
      0.789260860629796,
      2.388253369706478,
      1.5463425928814492,
      2.8636598850731394,
      3.467833489442235,
      4.487698232012409
    ],
    "boar_blend_alpha_by_stage": [
      0.29170822656324824,
      0.6375078180333864,
      0.884639153633234,
      0.6695574615285829,
      0.6349889854715991,
      0.3721528485057365
    ],
    "cattle_value": [
      -1.129720755316333,
      1.0858268164457454,
      2.6188780233781315,
      2.8775514765212935,
      3.1181240145140254,
      2.7053226423684804,
      4.8934879745781705
    ],
    "cattle_blend_alpha_by_stage": [
      0.8472773919437971,
      0.5167313790966026,
      0.0057784993828491225,
      0.20801747159997924,
      0.4049190568760487,
      0.26436892316034777
    ],
    "fenced_stable_value": [
      -0.012857968027858047,
      0.9409453369108096,
      2.1748572759047446,
      2.5925106370188944,
      4.491328743146356
    ],
    "fenced_stable_blend_alpha_by_stage": [
      0.7913427184011296,
      0.4863202888803819,
      0.8693939891236772,
      0.6491714756541791,
      0.9532601128651447,
      0.8374272667458318
    ],
    "unused_spaces_alpha_by_stage": [
      0.9642329634004886,
      0.789050757616085,
      0.6783532700813477,
      0.007956692199788121,
      0.26862238944554806,
      0.01043020549261981
    ],
    "grain_pair_value": [
      0.043396686674097344,
      1.5096012209034404,
      0.4900489674949149,
      1.9123553893380585
    ],
    "grain_pair_weight_by_stage": [
      0.6850686934386421,
      0.9206785338762616,
      0.02638106193015612,
      0.16105234693465142,
      6.40348802808983e-07,
      0.3099965000568805
    ],
    "veg_pair_value": [
      0.001819748252732296,
      0.00501365548529907,
      2.102323119089569,
      1.3872742629890933
    ],
    "veg_pair_weight_by_stage": [
      0.7593741638020136,
      1.4081356613989933,
      0.48948665428471727,
      0.7478732078968611,
      0.04048409337129783,
      0.26284891021639445
    ],
    "cattle_breeding_pair_value": 0.6007986227214801,
    "cattle_breeding_pair_weight_by_stage": [
      0.8458222397106447,
      1.847574936248411,
      0.4543097474290312,
      1.0593262799018357,
      0.0037926136053366014,
      0.017275765147675853
    ],
    "boar_breeding_pair_value": 0.9748039712282633,
    "boar_breeding_pair_weight_by_stage": [
      1.194922410003158,
      1.4240783705645785,
      0.1290179306104917,
      1.0839191419155132,
      0.3432449145306907,
      0.04855595750860362
    ],
    "sheep_breeding_pair_value": 0.9723602690779821,
    "sheep_breeding_pair_weight_by_stage": [
      0.02802322943388197,
      1.0666027215712717,
      0.4970791406717673,
      0.7389544342133976,
      0.6383169104494398,
      0.7664450427344789
    ],
    "unfenced_stable_value": [
      0.25995279730053306,
      1.1403810906722696,
      1.2280839169186992,
      1.0682427557054095,
      1.695398750495497
    ],
    "unfenced_stable_weight_by_stage": [
      1.1315496398283234,
      1.245965889469049,
      1.0891779139868403,
      0.4650944312541911,
      0.09454540207040488,
      0.6409455800109227
    ],
    "wood_fence_vector": [
      0.4741980539480001,
      0.2216959469549969,
      0.4726078105066611,
      1.6181002440377619,
      1.1365809499679178,
      1.9061517940102233,
      0.8263149255908824,
      0.02560776831073949,
      1.7524585042330463,
      1.4408463717374198,
      0.8960364667784833,
      1.773102467974533,
      0.2518917233971398,
      0.5736068544094634,
      2.8827207953731695
    ],
    "wood_pre_3rd_room_vector": [
      0.7616968704072474,
      1.4611043845220761,
      0.18998641634394,
      0.06225663175418372,
      0.7605279887106876
    ],
    "wood_generic_value": 0.13852895397156278,
    "wood_weight_by_stage": [
      0.8848942527645527,
      0.7034577168183878,
      0.5633068882940114,
      1.1042864875979401,
      0.7633364978325685,
      0.002597647654770474
    ],
    "wood_flat_bonus": 0.0,
    "temperature": 0.0,
    "r1_force_forest_bonus": 1000.0,
    "reed_room_vector": [
      3.3291167075360257,
      0.06945970012100203,
      1.1258240411833418,
      0.009239514953455413,
      0.7877403418370985,
      1.1770576237379213
    ],
    "reed_renovation_vector": [
      0.6352654186919139,
      0.9541128587574241
    ],
    "reed_generic_value": 0.02852726012597106,
    "reed_weight_by_stage": [
      2.888394432273909,
      1.2858413612177446,
      0.38662083884497933,
      1.0484954465180374,
      0.3459702641656085,
      0.1354354153518827
    ],
    "clay_cookware_vector": [
      0.00011309437481585686,
      1.676097897257141,
      0.00038633454101183576,
      1.6040327061941835,
      0.5336638549274229
    ],
    "clay_renovation_per_room": 0.09818047419458718,
    "clay_generic_value": 1.4924084683579453,
    "clay_weight_by_stage": [
      1.563562516384837,
      0.6045754587579859,
      0.4142812057554919,
      0.6298429282129341,
      0.6782108609156006,
      0.020286972444237716
    ],
    "stone_renovation_per_room": 0.2638346327739128,
    "stone_generic_value": 0.2624851501981914,
    "stone_weight_by_stage": [
      1.4903263492225163,
      1.3701471863837322,
      1.2725308234174035,
      1.0166499642711333,
      0.8425006903494114,
      0.8372771217750825
    ],
    "score_joint_alpha_by_stage": [
      1.4216399810706295,
      0.9857780007520262,
      0.7283824352068393,
      0.4743286422707904,
      1.286636678139356,
      0.37156981649516463
    ],