{
  "best_config": {
    "plowed_field_value": [
      -1.7266083212703964,
      -0.5621920988244552,
      0.7368614052285205,
      2.4579362321761105,
      3.103130690613365,
      3.744525886836803,
      3.4935707846452355
    ],
    "field_blend_alpha_by_stage": [
      0.3043658501292843,
      0.9251583100065973,
      0.15339299127978415,
      0.8130448813912364,
      0.7097351558231692,
      0.2961968947075374
    ],
    "grain_value": [
      -0.9440554575033977,
      0.16364808381857165,
      1.9484860618859847,
      1.1736392166026717,
      2.2089380211691263,
      1.7083084319808097,
      3.616310104764947,
      3.2136355101576535,
      4.344043544090224,
      5.313568812549403
    ],
    "grain_blend_alpha_by_stage": [
      0.9876777623956252,
      0.037590931615372726,
      0.5943545909362872,
      0.19567958119143736,
      0.7573162315195521,
      0.11712038089666482
    ],
    "veg_value": [
      -0.9850506397143026,
      0.9797007384641823,
      2.5438273001728358,
      3.311159361941631,
      4.306245800700898
    ],
    "veg_blend_alpha_by_stage": [
      0.9656402427151589,
      0.4941201402670842,
      0.7605862002549473,
      0.3619474165172427,
      0.33161808348896943,
      0.8238853139402138
    ],
    "pasture_value_all": [
      -0.8446559985684469,
      1.0818302947786762,
      2.402319418677965,
      3.1444965933290674,
      3.5618261753480147
    ],
    "pasture_value_large": [
      0.5842600379477392,
      -0.850237730316519,
      -0.13402368875747706,
      0.2833189388166774,
      0.3277609881929734
    ],
    "pasture_blend_alpha_by_stage": [
      0.13580643071145723,
      0.9807290317541433,
      0.9598649105177888,
      0.7609011975422386,
      0.6029003591161977,
      0.5525449452312027
    ],
    "sheep_value": [
      -0.927035332662041,
      1.3555161788632575,
      0.8839400689087908,
      0.761697113688398,
      2.558582629155015,
      2.185170624942671,
      2.7940888237251693,
      2.9289651868452,
      4.313066947316402
    ],
    "sheep_blend_alpha_by_stage": [
      0.19526415826138271,
      0.15463996576417288,
      0.8945945865651794,
      0.3024782353916702,
      0.4024098667435169,
      0.907834805127995
    ],
    "boar_value": [
      -0.24757339873693043,
      1.2138525121244896,
      0.7058125254065328,
      2.18131978181596,
      1.8993026031471612,
      3.2906975102172433,
      2.950708650204335,
      4.485431911181479
    ],
    "boar_blend_alpha_by_stage": [
      0.37342107309772277,
      0.6270111858683494,
      0.7084080834936732,
      0.4599311882835705,
      0.5758638245506147,
      0.5238825908266485
    ],
    "cattle_value": [
      -0.7600794910606632,
      0.8989453625740429,
      2.08153301344839,
      2.5730587743305375,
      3.224985388582182,
      2.809937799525405,
      4.669034883492907
    ],
    "cattle_blend_alpha_by_stage": [
      0.5456380356226618,
      0.6868878175552594,
      0.31376656854056717,
      0.0793058052536676,
      0.5546395135011721,
      0.6820267715811481
    ],
    "fenced_stable_value": [
      -0.2772091480307516,
      0.795645875195543,
      1.949443603174337,
      2.8816302086537915,
      4.127481094424726
    ],
    "fenced_stable_blend_alpha_by_stage": [
      0.4568705351070726,
      0.03658251428426296,
      0.8748845954833594,
      0.7413179854373133,
      0.6682357710745566,
      0.725400026508385
    ],
    "unused_spaces_alpha_by_stage": [
      1.0,
      0.7,
      0.5,
      0.3,
      0.1,
      0.0
    ],
    "grain_pair_value": [
      0.16206435340531444,
      1.323243503197304,
      0.6715261719958664,
      2.146203118911522
    ],
    "grain_pair_weight_by_stage": [
      1.0817884679257834,
      0.9858890733699476,
      0.4278246781138142,
      0.12737153797992645,
      0.3153866560670566,
      0.18202111351153874
    ],
    "veg_pair_value": [
      0.8819766956114987,
      0.06696972518525018,
      2.0033424922935947,
      1.4343677856644004
    ],
    "veg_pair_weight_by_stage": [
      0.5931131632389852,
      1.653438647675839,
      0.9809282589833415,
      1.2053488694141477,
      0.2563406247983561,
      0.30445435723788594
    ],
    "cattle_breeding_pair_value": 1.207164802323992,
    "cattle_breeding_pair_weight_by_stage": [
      1.1411818127916382,
      1.7993975300348932,
      0.7985332590368611,
      0.6524259578619398,
      0.1449848210760804,
      0.08256949531404709
    ],
    "boar_breeding_pair_value": 1.0091853039535876,
    "boar_breeding_pair_weight_by_stage": [
      0.7930472153970302,
      1.2722075673300253,
      0.7467379747402141,
      0.8747518779980306,
      0.11871617154251554,
      0.10519917257464834
    ],
    "sheep_breeding_pair_value": 1.3434189279038293,
    "sheep_breeding_pair_weight_by_stage": [
      0.7541919722825934,
      1.0994214796948654,
      0.8947112315500341,
      0.5217418561959133,
      0.14392297303263502,
      0.22541428167586802
    ],
    "unfenced_stable_value": [
      0.034194733468743216,
      0.42866992363822637,
      1.4675831608388348,
      1.4081205209898915,
      1.5466282581258584
    ],
    "unfenced_stable_weight_by_stage": [
      1.1176980103635548,
      0.8694987528968184,
      0.45915694425500475,
      0.42288271151696244,
      0.2469214382190526,
      0.14269757929581894
    ],
    "wood_fence_vector": [
      0.3246938729178447,
      0.520332223467572,
      0.24097900244402154,
      1.8629605559579439,
      0.34788169073704955,
      1.4849980247497048,
      0.03278945983069954,
      0.29907370633792785,
      1.5580223289895092,
      1.826669387316185,
      0.319477269311897,
      1.4415222397374878,
      0.7614154168469672,
      1.0413445905154672,
      2.418316238108715
    ],
    "wood_pre_3rd_room_vector": [
      0.6283698883532207,
      0.5793549123724867,
      0.8148619075838591,
      0.48971047446959537,
      0.6791932854066727
    ],
    "wood_generic_value": 0.013762997790978941,
    "wood_weight_by_stage": [
      1.0647081839876487,
      0.9022621451084131,
      0.06928170035153774,
      1.0650655982939814,
      0.7853259409452277,
      0.056762253813550545
    ],
    "wood_flat_bonus": 0.0,
    "temperature": 0.0,
    "reed_room_vector": [
      3.6116515207000086,
      0.5014030378479477,
      0.31071756635118897,
      1.1743279872653312,
      0.6088004865978759,
      1.6557962439594283
    ],
    "reed_renovation_vector": [
      0.36326242433194583,
      0.8116135078730633
    ],
    "reed_generic_value": 0.019787335246017664,
    "reed_weight_by_stage": [
      2.7400098751474404,
      0.2587437233930094,
      0.5145184686935527,
      1.6168130875428997,
      0.279933001779872,
      0.656130634887806
    ],
    "clay_cookware_vector": [
      0.07018399159728292,
      1.185396472271218,
      0.8522563655164861,
      1.07069394848706,
      0.3412819643331977
    ],
    "clay_renovation_per_room": 0.37959427274899954,
    "clay_generic_value": 0.822023070265842,
    "clay_weight_by_stage": [
      1.384492063337181,
      0.4777391434271049,
      1.2998465530073489,
      0.7956975358160285,
      0.6105867360090373,
      0.2030498447851358
    ],
    "stone_renovation_per_room": 0.2948664312758073,
    "stone_generic_value": 0.07861766886297361,
    "stone_weight_by_stage": [
      1.0255892712184442,
      1.461856359365624,
      2.4172207116070115,
      2.042314317649033,
      0.8980967874955763,
      0.05040085705610156
    ],
    "score_joint_alpha_by_stage": [
      0.5,
      0.6,
      0.7,
      0.8,
      0.9,
      1.0
    ],
    "family_per_round": [
      3.292323267102328,
      2.2556860160847774,
      2.004865826860955
    ],
    "empty_room_rate_pre_basic_wish": 2.616157917681491,
    "empty_room_rate_post_basic_wish": 2.922029893978679,
    "starting_player_bonus": 1.2280813469772174,
    "field_center_bonus": 0.1,
    "pasture_location_bonus": 0.05,