{
  "label": "sweep_cuct_500",
  "sims": 500,
  "n": 80,
  "jobs": 8,
  "opponent": "hubris_v3",
  "v3_config": "tuned_configs/v3_best.json",
  "n_random_fencing": 4,
  "fpu_offset": 0.0,
  "temperature": 0.2,
  "mcts_as_p1": false,
  "p0_name": "mcts",
  "p1_name": "hubris_v3",
  "sweep_wall_seconds": 9147.898865832947,
  "results": [
    {
      "c_uct": 0.7,
      "p0_wins": 54,
      "p1_wins": 26,
      "draws": 0,
      "avg_score_p0": 23.625,
      "avg_score_p1": 20.7875,
      "avg_margin": 2.8374999999999986,
      "ci_half_95": 1.6123282565782537,
      "elapsed_seconds": 1640.9641264581587,
      "per_game_margins": [
        -2,
        13,
        2,
        2,
        9,
        4,
        11,
        4,
        0,
        17,
        -5,
        -6,
        7,
        7,
        8,
        1,
        -4,
        -8,
        3,
        -2,
        4,
        6,
        9,
        7,
        -1,
        -7,
        1,
        4,
        -11,
        -6,
        -2,
        1,
        5,
        -13,
        -3,
        -10,
        14,
        4,
        0,
        -16,
        4,
        -1,
        8,
        9,
        7,
        1,
        -10,
        15,
        8,
        6,
        2,
        18,
        2,
        9,
        9,
        -4,
        9,
        8,
        2,
        5,
        -5,
        13,
        7,
        8,
        6,
        -3,
        16,
        10,
        -9,
        2,
        -6,
        8,
        12,
        7,
        -6,
        5,
        -3,
        14,
        -6,
        3
      ],
      "per_game_seeds": [
        0,
        1,
        2,
        3,
        4,
        5,
        6,
        7,
        8,
        9,
        10,
        11,
        12,
        13,
        14,
        15,
        16,
        17,
        18,
        19,
        20,
        21,
        22,
        23,
        24,
        25,
        26,
        27,
        28,
        29,
        30,
        31,
        32,
        33,
        34,
        35,
        36,
        37,
        38,
        39,
        40,
        41,
        42,
        43,
        44,
        45,
        46,
        47,
        48,
        49,
        50,
        51,
        52,
        53,
        54,
        55,
        56,
        57,
        58,
        59,
        60,
        61,
        62,
        63,
        64,
        65,
        66,
        67,
        68,
        69,
        70,
        71,
        72,
        73,
        74,
        75,
        76,
        77,
        78,
        79
      ]
    },
    {
      "c_uct": 1.0,
      "p0_wins": 46,
      "p1_wins": 33,
      "draws": 1,
      "avg_score_p0": 24.5625,
      "avg_score_p1": 22.025,
      "avg_margin": 2.5375000000000014,
      "ci_half_95": 1.8459151783544716,
      "elapsed_seconds": 1698.4995752079412,
      "per_game_margins": [
        -5,
        -6,
        9,
        -1,
        -7,
        -7,
        10,
        -5,
        5,
        9,
        -6,
        5,
        -1,
        -1,
        5,
        -2,
        -5,
        0,
        -1,
        -12,
        -3,
        -8,
        8,
        3,
        -1,
        -3,
        4,
        17,
        6,
        -7,
        16,
        -1,
        6,
        -3,
        3,
        20,
        13,
        17,
        -6,
        4,
        -13,
        -11,
        15,
        -5,
        0,
        2,
        -6,
        -9,
        14,
        4,
        4,
        20,
        -8,
        5,
        1,
        -3,
        -15,
        8,
        -2,
        11,
        17,
        -10,
        6,
        7,
        10,
        14,
        -8,
        13,
        8,
        10,
        -8,
        1,
        12,
        8,
        6,
        7,
        6,
        4,
        15,
        4
      ],
      "per_game_seeds": [
        0,
        1,
        2,
        3,
        4,
        5,
        6,
        7,
        8,
        9,
        10,
        11,
        12,
        13,
        14,
        15,
        16,
        17,
        18,
        19,
        20,
        21,
        22,
        23,
        24,
        25,
        26,
        27,
        28,
        29,
        30,
        31,
        32,
        33,
        34,
        35,
        36,
        37,
        38,
        39,
        40,
        41,
        42,
        43,
        44,
        45,
        46,
        47,
        48,
        49,
        50,
        51,
        52,
        53,
        54,
        55,
        56,
        57,
        58,
        59,
        60,
        61,
        62,
        63,
        64,
        65,
        66,
        67,
        68,
        69,
        70,
        71,
        72,
        73,
        74,
        75,
        76,
        77,
        78,
        79
      ]
    },
    {
      "c_uct": 1.4,
      "p0_wins": 49,
      "p1_wins": 31,
      "draws": 0,
      "avg_score_p0": 24.225,
      "avg_score_p1": 21.875,
      "avg_margin": 2.3500000000000014,
      "ci_half_95": 1.8097200819316914,
      "elapsed_seconds": 1717.125369500136,
      "per_game_margins": [
        1,
        3,
        4,
        -9,
        12,
        8,
        12,
        4,
        -18,
        17,
        -3,
        5,
        -1,
        3,
        12,
        -8,
        -9,
        6,
        0,
        -10,
        -4,
        17,
        15,
        -8,
        12,
        -3,
        3,
        6,
        -2,
        11,
        14,
        -9,
        3,
        8,
        9,
        9,
        11,
        -4,
        6,
        4,
        13,
        -3,
        6,
        -20,
        -5,
        8,
        -3,
        -3,
        -11,
        6,
        -6,
        0,
        -8,
        0,
        2,
        -9,
        4,
        12,
        -1,
        11,
        15,
        -7,
        -7,
        2,
        8,
        12,
        -5,
        1,
        2,
        -2,
        -5,
        9,
        4,
        4,
        0,
        12,
        7,
        11,
        -8,
        15
      ],
      "per_game_seeds": [
        0,
        1,
        2,
        3,
        4,
        5,
        6,
        7,
        8,
        9,
        10,
        11,
        12,
        13,
        14,
        15,
        16,
        17,
        18,
        19,
        20,
        21,
        22,
        23,
        24,
        25,
        26,
        27,
        28,
        29,
        30,
        31,
        32,
        33,
        34,
        35,
        36,
        37,
        38,
        39,
        40,
        41,
        42,
        43,
        44,
        45,
        46,
        47,
        48,
        49,
        50,
        51,
        52,
        53,
        54,
        55,
        56,
        57,
        58,
        59,
        60,
        61,
        62,
        63,
        64,
        65,
        66,
        67,
        68,
        69,
        70,
        71,
        72,
        73,
        74,
        75,
        76,
        77,
        78,
        79
      ]
    },
    {
      "c_uct": 2.0,
      "p0_wins": 48,
      "p1_wins": 32,
      "draws": 0,
      "avg_score_p0": 24.6375,
      "avg_score_p1": 22.2,
      "avg_margin": 2.4375,
      "ci_half_95": 1.8567169361185778,
      "elapsed_seconds": 1956.093075541081,