{
  "champ": [
    2.845816135406494,
    0.5288875102996826
  ],
  "spatial": [
    2.856390953063965,
    0.5289943814277649
  ]
}